{"cameraMode":{"drawMode":0,"name":"Shaded","section":"Shading Mode"},"sceneLighting":false,"audioPlay":false,"sceneViewState":{"showFog":true,"showMaterialUpdate":false,"showSkybox":false,"showFlares":true,"showImageEffects":true,"showParticleSystems":true},"in2DMode":false,"pivot":{"x":-0.0007271468639373779,"y":-0.0088626928627491,"z":0.004674315452575684},"rotation":{"x":-0.06160755828022957,"y":0.9291737079620361,"z":-0.1809251308441162,"w":-0.3163967430591583},"size":1.6376471519470215,"orthographic":false}